Link;Título
Ouro Preto – Tecnologia em Borracha;https://www.ouropreto.ind.br/
Gerente de Qualidade e Excelência Operacional (Compressores ...;https://jobs.siemens-energy.com/en_US/jobs/FolderDetail/Gerente-de-Qualidade-e-Excel-ncia-Operacional-Compressores-Santa-B-rbara-D-Oeste-SP/269322
Programa de Trainee Romi;https://lp-hagercompany.com.br/romi/
DATAWORK Tecnologia;http://datawork.com.br/quem_somos.html
Cabeamento estruturado em Santa Bárbara D'Oeste - SP;https://cabeamentoestruturado.com.br/cabeamento-estruturado-em-santa-barbara-doeste/
Digicomm – Gestão & Suporte em TI -;https://www.digicomm.com.br/
R7ST R7 Soluções em Tecnologia;https://r7st.com.br/
Thiofértil 800 - Aquadrop Agro - Tecnologia em Agronegócio;https://aquadropagro.com.br/produtos/aquadrop-agro/fertilizante/thiofertil-800/
Empresa - Doal Plastic;https://www.doalplastic.com.br/novo/empresa
Cer Radioncologia (Santa Bárbara d'Oeste );https://ionclinicas.com.br/unidade-cer.php
Evo Soluções BR;https://www.evosolucoesbr.com/
A Cataby • Prove & Aprove;http://www.cataby.com.br/empresa
Como contratar advogado em Santa Bárbara d'Oeste - SP - VLV ...;https://vlvadvogados.com/contratar-advogado-em-santa-barbara-doeste-sp/
Solutec Industrial - Correias Correntes Polias Engrenagens;https://solutecindustrial.com.br/
GEF;http://gefind.com.br/
Sobre a Making TI e Marketing Digital;https://www.makingnet.com.br/sobre/
Tech Master;https://techmasterti.com.br/contato/
Atcan – Tecnologia;http://atcan.com.br/
ESG - bioE Solutions – Clorito de Sódio | Dióxido de Cloro;https://bioesolutions.com/esg-web
Contato | fBC Máquinas - Tecnologia & Inovação;https://fbcmaquinas.com.br/contato/
®Registro De Marcas Em Santa Bárbara D'Oeste - SP | CARNEIRO ...;https://carneiromarcasepatentes.com/registro-de-marcas-em-santa-barbara-doeste-sp/
Caixa Protetora Hidrômetro Dae Santa Barbara do Oeste N-02;https://www.obramax.com.br/caixa-protetora-de-hidrometro-dae-santa-barbara-do-oeste-n-02-doal-89669986/p
AUK Solutions – Engenharia, Tecnologia e serviços;http://auksolutions.com.br/
ITE Placas;https://www.iteplacas.com.br/
NETWEB TELECOM LTDA;http://www.netweb.com.br/tecnologia
Fale Conosco | MS Tecnologia;https://www.msplacaseletronicas.com.br/contato
Adaltec Automação Industrial;https://adaltecautomacao.com.br/
JSL - Hidráulica e Pneumática;http://www.jslhidraulica.com/
Power implementos rodoviários;https://powerimplementos.com.br/
Siemens Energy fornecerá turbomáquinas topside para FPSO do ...;https://www.siemens-energy.com/br/pt/home/press-releases/siemens-energy-fornecera-turbomaquinas-topside-para-fpso-do-projeto-buzios-6.html
Institucional;https://www.geniusmedtech.com.br/institucional
QUEM SOMOS • TEC PLUS - Soluções em INTERNET;https://www.tecplustelecom.com.br/quem-somos/
Santa Bárbara d'Oeste - São Paulo: Veja uma estimativa de preço ...;https://www.uber.com/global/pt-br/r/routes/santa-barbara-doeste-sp-br-to-sao-paulo-sp-br/
LaserTec: Serviços de Corte a Laser e Dobra de Chapas Metálicas;https://lasertec.ind.br/
Microtex | Tecidos para revestimentos;https://microtex.com.br/
Gestão da cadeia de suprimentos: estudo de casos sobre ...;https://ojs.brazilianjournals.com.br/ojs/index.php/BJB/article/view/35836
Parthenon Labs;https://parthenonlabs.com.br/
Reciclasim – Prensas Enfardadeiras;https://reciclasim.com.br/
Quem somos - PST;https://www.pstgov.com.br/quemsomos.html
Evaluation of coal fly ash in cementitious matrices;https://www.scielo.br/j/riem/a/GQ5ksVzqHFrrRfX9kM6yjCb/?lang=en&format=pdf
Clientes - Solaris Tecnologia Fotovoltaica;https://solaris.com.br/clientes/
On Aparelhos Auditivos;https://www.aparelhosauditivoson.com.br/
Goodyear completa 100 anos de atuação no Brasil;https://www.borrachaatual.com.br/materia.php?id=NTA2
Ello Painéis: Home;https://ellopaineis.com.br/
A INTERNACIONALIZAÇÃO DE EMPRESAS BRASILEIRAS DE ...;https://www.scielo.org.mx/pdf/alhe/v22n3/v22n3a5.pdf
JHM Motores: Assistência Técnica e Revenda Autorizada WEG;https://jhmmotores.com.br/
Empresas de Limpeza em Santa Bárbara d'Oeste;https://www.limpeza.com/empresas/santa-barbara-doeste
Raner Tecidos - Inovando a Arte de Tecer;http://www.raner.com.br/
NETWEB TELECOM LTDA;http://jjnetweb.com.br/empresa
CNC Vale - Assistência Técnica para CNC - Santa Barbara d'Oeste;http://www.cncvale.com.br/
Home - Improv;https://www.improvequipamentos.com.br/
Empresa de Desenvolvimento e Fabricação de Tecidos Técnicos ...;https://galutex.com.br/quem-somos/
Protech Engenharia;https://www.protecheng.com.br/
Nossa História - Jaguar;http://www.jaguarbombasespeciais.com.br/sobre.html
Rede de Supermercado Pague Menos inaugura novo Complexo ...;https://apas.com.br/rede-de-supermercado-pague-menos-inaugura-novo-complexo-administrativo/
From the Import-Substituting Industrialization to Internationalization ...;https://revistes.ub.edu/index.php/JESB/article/view/j050
STR Estruturas instala sistema de Energia Solar | STR Estruturas;https://www.strestruturas.com.br/blog/str-estruturas-instala-sistema-de-energia-solar
Connect Services | Portaria, limpeza e jardinagem | Brasil;https://grupo-connect.com/
Empresa de Segurança - Barra Zero;https://www.barrazero.com.br/barra-zero-empresa-de-seguranca-eletronica.html
Grupo Motion - Paineis Led - Indoor Outdoor - Americana - SP - Brasil;https://www.grupomotion.com.br/
Prolibrax Engenharia;https://www.prolibrax.com.br/
Empresa - JDF;https://www.jdf.com.br/empresa
Inverflex Eletrônica;https://www.inverflex.com.br/
Brasil é o único fabricante de Clorito de Sódio da ... - Sabára Químicos;https://www.sabaraquimicos.com/blog/brasil-e-o-unico-fabricante-de-clorito-de-sodio-da-america-latina.php
Empresa de gerador de ozônio - Ozon3;https://www.ozon3.com.br/empresa-gerador-ozonio
A Rodopav;https://rodopav.ind.br/empresa
Jaguar Bombas Especiais;https://www.jaguarbombasespeciais.com.br/
Sobre Nós - GRUPO DIRECT;https://directgrupo.com.br/sobre-nos
Quem Somos - DSV Laboratório;https://www.dsvlabor.com.br/quem-somos
TI - TreVizaM Informática - A sua loja de informática;https://www.trevizaminfo.com.br/d_servicos.asp?codigo=3
Incotec América do Sul Tecnologia em Sementes - Maex Engenharia;https://maex.com.br/cliente-view/incotec-america-do-sul-tecnologia-em-sementes/
Centro Administrativo Aegea une sustentabilidade, tecnologia e ...;https://aegea.blog.br/centro-administrativo-aegea-une-sustentabilidade-tecnologia-e-integracao/
3RA Metalurgica;https://metalurgica3ra.com.br/
(PDF) Integrated Component Data Model For Smart Production ...;https://www.researchgate.net/publication/273328113_Integrated_Component_Data_Model_For_Smart_Production_Planning
Santa Bárbara d'Oeste ganha novo aparelho de ressonância ...;https://cetamdiagnostico.com.br/nova-rm-sbo/
Inicial - LiderSeals - Brasil;https://lidersealsbrasil.com.br/
Ótica Barbosa;https://site.oticabarbosa.com.br/
Karine Furlan Finamore - Processos;https://www.jusbrasil.com.br/processos/nome/219187005/karine-furlan-finamore
O general americano confederado que deu origem ao sobrenome ...;https://www.bbc.com/portuguese/articles/c8877j8ylx9o
Metalúrgica Bertizola: Caldeiraria e corte a laser;https://www.metalurgicabertizola.com.br/
Ultratec;https://ultratecmoda.com.br/
IMBALAFORT;https://imbalafort.com.br/
Transporte de Veículos em Santa Bárbara D'Oeste - SP | EVO!;https://www.evocegonheiro.com.br/transporte-de-veiculos/cidades/santa-barbara-doeste-sp
Grupo Automatize - Automação Industrial;https://automatize.eng.br/
SANTA BÁRBARA D'OESTE/SP - Solarprime;https://solarprime.com.br/franquia/santa-barbara-doeste/
Empresa - Unipac;https://unipac.com.br/empresa/linha-do-tempo
Distribuidor de Protesto de Santa Bárbara D'Oeste;https://protestosbo.com.br/Home/PoliticaDeCookies
Performance, Tecnologia e Segurança;https://www.priner.com.br/wp-content/uploads/2025/04/AF_priner_010_folder_nov25_02_ma.pdf
primetec – Primetec Uniformes Profissionais;https://primetecnologiauniformes.com.br/author/primetec/
Hamburgada do Bem - 461 em Santa Bárbara d'Oeste;https://www.sympla.com.br/evento/hamburgada-do-bem-santa-barbara-doeste-461/2799476
Santa Barbara | Santa Barbara | Campinas;https://vivarealize.com.br/santabarbara/
Encontre o aplicar de Nasiol mais próximo de você em SP;https://nasiol.com.br/mapa-de-sao-paulo/
Página inicial | Zkn Do Brasil;https://zkndobrasil.wixsite.com/zkn-do-brasil
Cão Veio - Santa Bárbara D'Oeste;https://www.getinapp.com.br/santa-barbara-doeste/cao-veio-santa-barbara-doeste
ServPack do Brasil;https://servpack.ind.br/
Reino dos Dinossauros - Santa Bárbara d'Oeste (SP) - Sesc São ...;https://www.sescsp.org.br/programacao/reino-dos-dinossauros-santa-barbara-doeste-sp/
SindusCon-SP e trabalhadores de Campinas e região assinam ...;https://sindusconsp.com.br/sinduscon-sp-e-trabalhadores-de-campinas-e-regiao-assinam-convencao-coletiva-de-trabalho-2/
Baio Usinagem;https://baiousinagem.com.br/
Educação eugênica no interior de São Paulo: a circulação das ...;https://seer.ufrgs.br/index.php/asphe/article/view/140495
Compack Embalagens - home;https://compack.ind.br/
